{
  "name": "iron-media-query",
  "version": "2.1.0",
  "description": "Lets you bind to a CSS media query",
  "authors": [
    "The Polymer Authors"
  ],
  "keywords": [
    "web-components",
    "polymer",
    "media"
  ],
  "private": true,
  "repository": {
    "type": "git",
    "url": "git://github.com/PolymerElements/iron-media-query"
  },
  "license": "http://polymer.github.io/LICENSE.txt",
  "homepage": "https://github.com/PolymerElements/iron-media-query",
  "ignore": [],
  "dependencies": {
    "polymer": "Polymer/polymer#1.9 - 2"
  },
  "devDependencies": {
    "paper-styles": "polymerelements/paper-styles#1 - 2",
    "web-component-tester": "^6.0.0",
    "webcomponentsjs": "webcomponents/webcomponentsjs#^1.0.0"
  },
  "variants": {
    "1.x": {
      "dependencies": {
        "polymer": "Polymer/polymer#^1.9"
      },
      "devDependencies": {
        "paper-styles": "polymerelements/paper-styles#^1.0.0",
        "webcomponentsjs": "webcomponents/webcomponentsjs#^0.7.0",
        "web-component-tester": "Polymer/web-component-tester#^4.0.0"
      },
      "resolutions": {
        "webcomponentsjs": "^0.7"
      }
    }
  },
  "main": "iron-media-query.html",
  "resolutions": {
    "webcomponentsjs": "^1.0.0"
  },
  "_release": "2.1.0",
  "_resolution": {
    "type": "version",
    "tag": "v2.1.0",
    "commit": "3da4d24e5292d7521081686115e17d1114d284ed"
  },
  "_source": "https://github.com/PolymerElements/iron-media-query.git",
  "_target": "^2.0.0",
  "_originalSource": "iron-media-query"
}