{
  "name": "iron-fit-behavior",
  "version": "2.1.1",
  "license": "http://polymer.github.io/LICENSE.txt",
  "description": "Fits an element inside another element",
  "private": true,
  "main": "iron-fit-behavior.html",
  "keywords": [
    "web-components",
    "polymer",
    "behavior"
  ],
  "authors": [
    "The Polymer Authors"
  ],
  "repository": {
    "type": "git",
    "url": "git://github.com/PolymerElements/iron-fit-behavior.git"
  },
  "dependencies": {
    "polymer": "Polymer/polymer#1.9 - 2"
  },
  "devDependencies": {
    "iron-component-page": "PolymerElements/iron-component-page#1 - 2",
    "iron-demo-helpers": "PolymerElements/iron-demo-helpers#1 - 2",
    "web-component-tester": "^6.0.0",
    "webcomponentsjs": "webcomponents/webcomponentsjs#^1.0.0"
  },
  "variants": {
    "1.x": {
      "dependencies": {
        "polymer": "Polymer/polymer#^1.9"
      },
      "devDependencies": {
        "iron-component-page": "PolymerElements/iron-component-page#^1.0.0",
        "iron-demo-helpers": "PolymerElements/iron-demo-helpers#^1.0.0",
        "web-component-tester": "^4.0.0",
        "webcomponentsjs": "webcomponents/webcomponentsjs#^0.7.0"
      },
      "resolutions": {
        "webcomponentsjs": "^0.7"
      }
    }
  },
  "ignore": [],
  "resolutions": {
    "webcomponentsjs": "^1.0.0"
  },
  "homepage": "https://github.com/PolymerElements/iron-fit-behavior",
  "_release": "2.1.1",
  "_resolution": {
    "type": "version",
    "tag": "v2.1.1",
    "commit": "89bdd27cd9cc111106c0851d9c8e056c79d77319"
  },
  "_source": "https://github.com/PolymerElements/iron-fit-behavior.git",
  "_target": "1 - 2",
  "_originalSource": "PolymerElements/iron-fit-behavior"
}