{
  "name": "Palindrom",
  "homepage": "https://github.com/Palindrom/Palindrom",
  "description": "Client side library that binds Web Components or AngularJs to server side view models using JSON-Patch.",
  "main": "src/palindrom.js",
  "keywords": [
    "JSON-patch",
    "web components",
    "angularjs",
    "websocket"
  ],
  "license": "MIT",
  "ignore": [
    "lab/",
    "test/",
    "Gruntfile.js",
    "node_modules"
  ],
  "devDependencies": {
    "polymer": "*",
    "palindrom-bunny": "Palindrom/palindrom-bunny"
  },
  "version": "5.1.0",
  "_release": "5.1.0",
  "_resolution": {
    "type": "version",
    "tag": "5.1.0",
    "commit": "e4e2ab8f0e9478d66a01d2d881ef4c30cd32a923"
  },
  "_source": "https://github.com/Palindrom/Palindrom.git",
  "_target": "^v5.0.0",
  "_originalSource": "Palindrom/Palindrom"
}