{
  "name": "palindrom-redirect",
  "version": "1.0.0",
  "description": "Custom Element that redirects to a new URL when an attribute is changed. It's also being listened by Palindrom.",
  "license": "MIT",
  "main": "palindrom-redirect.html",
  "keywords": [
    "web-components"
  ],
  "ignore": [
    "**/.*",
    "node_modules",
    "bower_components",
    "preview.png",
    "Gruntfile.js"
  ],
  "dependencies": {},
  "authors": [
    "Marcin Warpechowski <marcin@nextgen.pl>",
    "Tomek Wytrebowicz <tomalecpub@gmail.com>"
  ],
  "homepage": "https://github.com/Palindrom/palindrom-redirect",
  "_release": "1.0.0",
  "_resolution": {
    "type": "version",
    "tag": "1.0.0",
    "commit": "5bd2627424f5056663793a514099987c35dd88a2"
  },
  "_source": "https://github.com/Palindrom/palindrom-redirect.git",
  "_target": "~1.0.0",
  "_originalSource": "palindrom-redirect"
}