{
  "name": "juicy-html",
  "description": "A custom element that lets you load HTML partials into your Web page. Declarative way for client-side includes.",
  "version": "4.0.0",
  "homepage": "https://github.com/Juicy/juicy-html",
  "authors": [
    "Joachim Wester <joachimwester@me.com>",
    "Marcin Warpechowski <marcin@nextgen.pl>",
    "Tomek Wytrebowicz <tomalecpub@gmail.com>"
  ],
  "main": "juicy-html.html",
  "license": "https://github.com/Juicy/juicy-html/blob/master/LICENSE",
  "keywords": [
    "include",
    "partials",
    "html",
    "declarative",
    "client-side",
    "custom-element",
    "web-components"
  ],
  "ignore": [
    "examples",
    "index.html",
    ".gitignore",
    "test",
    ".github"
  ],
  "dependencies": {},
  "devDependencies": {
    "polymer": "^2.0.0",
    "web-component-tester": "^6.0.0",
    "webcomponentsjs": "^1.0.0"
  },
  "_release": "4.0.0",
  "_resolution": {
    "type": "version",
    "tag": "4.0.0",
    "commit": "aee9c1d14cc1b30fcbcc468827881e67c4ccb41e"
  },
  "_source": "https://github.com/Juicy/juicy-html.git",
  "_target": "^4.0.0",
  "_originalSource": "juicy-html"
}