{
  "name": "starcounter-include",
  "authors": [
    "Tomek Wytrebowicz <tomalecpub@gmail.com>"
  ],
  "homepage": "https://github.com/Starcounter/starcounter-include",
  "description": "Custom Element to include HTML partials/templates from Starcounter",
  "main": "starcounter-include.html",
  "keywords": [
    "template",
    "partial",
    "starcounter",
    "web-components",
    "include",
    "shadow-dom",
    "distribution",
    "imported-template"
  ],
  "license": "MIT",
  "ignore": [
    "**/.*",
    "node_modules",
    "bower_components",
    "Gruntfile.js",
    "wwwroot/sys",
    "test",
    "wct.conf.json",
    "demo",
    "sc"
  ],
  "dependencies": {
    "imported-template": "^3.1.0"
  },
  "devDependencies": {
    "web-component-tester": "^6.0.0",
    "polymer": "^2.2.0"
  },
  "version": "5.0.0",
  "_release": "5.0.0",
  "_resolution": {
    "type": "version",
    "tag": "5.0.0",
    "commit": "cb4e3bd288d6294ee478a06a44415dc51641c359"
  },
  "_source": "https://github.com/Starcounter/starcounter-include.git",
  "_target": "^5.0.0",
  "_originalSource": "starcounter-include"
}